{
	"Credential": "cf",
	"Template": {
		"Id": "@ext-mdkvsc-npm-dev/generator-mdk",
		"Name": "Base",
		"Version": "0.0.1"
	},
	"CF": {
		"Target": "https://api.cf.us10-001.hana.ondemand.com",
		"Organization": "37e63c2c-41c5-439d-b8f8-d7656b08222b",
		"Space": "cf155c88-37e9-4e8d-875b-2c8a03ffdb1a",
		"Deploy": {
			"Description": "",
			"WebClient": {
				"Runtime": "production",
				"URL": "https://mdk-webclient-runtime.cfapps.us10.hana.ondemand.com/runtime/"
			},
			"Destination": [
				{
					"CF": "SampleServiceV2",
					"MDK": "SampleServiceV2",
					"URL": ""
				}
			],
			"Name": "ns.DemoSampleApp",
			"Version": "1.0.0",
			"AppRouter": "standalone"
		}
	},
	"MobileService": {
		"Type": "standard",
		"AdminAPI": "https://mobile-service-cockpit-api.cfapps.us10.hana.ondemand.com/cockpit/v1/org/37e63c2c-41c5-439d-b8f8-d7656b08222b/space/cf155c88-37e9-4e8d-875b-2c8a03ffdb1a",
		"AppId": "com.sap.mdk.demo",
		"Destination": [
			"com.sap.edm.sampleservice.v2",
			"SampleServiceV2"
		]
	},
	"Onboarding": {
		"Schema": "sapmobilesvcs",
		"TimeZone": "UTC",
		"URL": "sapmobilesvcs://?AppId=com.sap.mdk.demo&ClientId=a3a7340b-cf51-419e-8bfa-8f912010655f&ServerUrl=https://36a921actrial-dev-com-sap-mdk-demo.cfapps.us10-001.hana.ondemand.com&SapCloudPlatformEndpoint=https://36a921actrial-dev-com-sap-mdk-demo.cfapps.us10-001.hana.ondemand.com&AuthorizationEndpointUrl=https://36a921actrial-dev-com-sap-mdk-demo.cfapps.us10-001.hana.ondemand.com/oauth2/api/v1/authorize&RedirectUrl=https://36a921actrial-dev-com-sap-mdk-demo.cfapps.us10-001.hana.ondemand.com&TokenUrl=https://36a921actrial-dev-com-sap-mdk-demo.cfapps.us10-001.hana.ondemand.com/oauth2/api/v1/token&multiUser=false"
	},
	"LCAP": {
		"FullName": "",
		"Service": [],
		"sourceTemplate": {
			"id": "html5moduletemplates.basicSAPUI5ApplicationProjectModule",
			"version": "1.40.12"
		}
	},
	"Build": {
		"SourceMap": false,
		"TSTarget": "es6",
		"WMF": true
	}
}